media,url
qiita,https://qiita.com/tags/jmeter/feed.atom
hatena,https://b.hatena.ne.jp/search/text?q=jmeter&users=1&mode=rss
zenn,https://zenn.dev/topics/jmeter/feed
medium,https://medium.com/feed/tag/jmeter
GoogleNews,https://news.google.com/atom/search?ie=UTF-8&oe=UTF-8&q=jmeter&hl=ja&gl=JP&ceid=JP:ja
dev.to,https://dev.to/feed/tag/jmeter
stackOverflow,https://stackoverflow.com/feeds/tag?tagnames=jmeter&sort=newest
slideshare,http://www.slideshare.net/rss/tag/jmeter
note,https://note.com/hashtag/jmeter/rss
reddit,https://www.reddit.com/r/jmeter/
queryfeed,https://queryfeed.net/tw?q=jmeter
GoogleAlert,https://www.google.co.jp/alerts/feeds/11666000284305127907/17372188623215180562
